fecha,valor
1981-01-01,80609.0
1981-02-01,72591.0
1981-03-01,80734.0
1981-04-01,77344.0
1981-05-01,79890.0
1981-06-01,77030.0
1981-07-01,78640.0
1981-08-01,78356.0
1981-09-01,76017.0
1981-10-01,78364.0
1981-11-01,75135.0
1981-12-01,77640.0
1982-01-01,77306.0
1982-02-01,70503.0
1982-03-01,78298.0
1982-04-01,75983.0
1982-05-01,77507.0
1982-06-01,74349.0
1982-07-01,76378.0
1982-08-01,76110.0
1982-09-01,74624.0
1982-10-01,76561.0
1982-11-01,74496.0
1982-12-01,76102.0
1983-01-01,75776.0
1983-02-01,69034.0
1983-03-01,76046.0
1983-04-01,73833.0
1983-05-01,75263.0
1983-06-01,73020.0
1983-07-01,74932.0
1983-08-01,74393.0
1983-09-01,72726.0
1983-10-01,74850.0
1983-11-01,72827.0
1983-12-01,70211.0
1984-01-01,76531.0
1984-02-01,70374.0
1984-03-01,75510.0
1984-04-01,72756.0
1984-05-01,74806.0
1984-06-01,72228.0
1984-07-01,74382.0
1984-08-01,74123.0
1984-09-01,71958.0
1984-10-01,74016.0
1984-11-01,72024.0
1984-12-01,74466.0
1985-01-01,73331.0
1985-02-01,66371.0
1985-03-01,74105.0
1985-04-01,73839.0
1985-05-01,74004.0
1985-06-01,70958.0
1985-07-01,73337.0
1985-08-01,73533.0
1985-09-01,70643.0
1985-10-01,73585.0
1985-11-01,71690.0
1985-12-01,73822.0
1986-01-01,74135.0
1986-02-01,66752.0
1986-03-01,73344.0
1986-04-01,69397.0
1986-05-01,70407.0
1986-06-01,66802.0
1986-07-01,68621.0
1986-08-01,67529.0
1986-09-01,64891.0
1986-10-01,66638.0
1986-11-01,64604.0
1986-12-01,66475.0
1987-01-01,66135.0
1987-02-01,60010.0
1987-03-01,66167.0
1987-04-01,63738.0
1987-05-01,64459.0
1987-06-01,61837.0
1987-07-01,63677.0
1987-08-01,63399.0
1987-09-01,61622.0
1987-10-01,64129.0
1987-11-01,62107.0
1987-12-01,63682.0
1988-01-01,63922.0
1988-02-01,59979.0
1988-03-01,63853.0
1988-04-01,61281.0
1988-05-01,62750.0
1988-06-01,60347.0
1988-07-01,61624.0
1988-08-01,61476.0
1988-09-01,59019.0
1988-10-01,61450.0
1988-11-01,59159.0
1988-12-01,60635.0
1989-01-01,60740.0
1989-02-01,53515.0
1989-03-01,59812.0
1989-04-01,57725.0
1989-05-01,59073.0
1989-06-01,56383.0
1989-07-01,58015.0
1989-08-01,57916.0
1989-09-01,55717.0
1989-10-01,57467.0
1989-11-01,55925.0
1989-12-01,55881.0
1990-01-01,58072.0
1990-02-01,52687.0
1990-03-01,57594.0
1990-04-01,55382.0
1990-05-01,57044.0
1990-06-01,54665.0
1990-07-01,56603.0
1990-08-01,57292.0
1990-09-01,55515.0
1990-10-01,58804.0
1990-11-01,56998.0
1990-12-01,57822.0
1991-01-01,59433.0
1991-02-01,54071.0
1991-03-01,59299.0
1991-04-01,57138.0
1991-05-01,58502.0
1991-06-01,55333.0
1991-07-01,57078.0
1991-08-01,57332.0
1991-09-01,55302.0
1991-10-01,57160.0
1991-11-01,55424.0
1991-12-01,56544.0
1992-01-01,56323.0
1992-02-01,52552.0
1992-03-01,56220.0
1992-04-01,54054.0
1992-05-01,54953.0
1992-06-01,52661.0
1992-07-01,54505.0
1992-08-01,54719.0
1992-09-01,52929.0
1992-10-01,54834.0
1992-11-01,52601.0
1992-12-01,54274.0
1993-01-01,54148.0
1993-02-01,48839.0
1993-03-01,53801.0
1993-04-01,51690.0
1993-05-01,52838.0
1993-06-01,50734.0
1993-07-01,51722.0
1993-08-01,51853.0
1993-09-01,50005.0
1993-10-01,51726.0
1993-11-01,50183.0
1993-12-01,51551.0
1994-01-01,51754.0
1994-02-01,46561.0
1994-03-01,51465.0
1994-04-01,49384.0
1994-05-01,50644.0
1994-06-01,48323.0
1994-07-01,49488.0
1994-08-01,49347.0
1994-09-01,47681.0
1994-10-01,48888.0
1994-11-01,47771.0
1994-12-01,49430.0
1995-01-01,49056.0
1995-02-01,44190.0
1995-03-01,48410.0
1995-04-01,46696.0
1995-05-01,47706.0
1995-06-01,45594.0
1995-07-01,46681.0
1995-08-01,46620.0
1995-09-01,45107.0
1995-10-01,47110.0
1995-11-01,45725.0
1995-12-01,46751.0
1996-01-01,46721.0
1996-02-01,43547.0
1996-03-01,47159.0
1996-04-01,45382.0
1996-05-01,46406.0
1996-06-01,44396.0
1996-07-01,45439.0
1996-08-01,45202.0
1996-09-01,44037.0
1996-10-01,45663.0
1996-11-01,43803.0
1996-12-01,45587.0
1997-01-01,45150.0
1997-02-01,41756.0
1997-03-01,45840.0
1997-04-01,44467.0
1997-05-01,45629.0
1997-06-01,44141.0
1997-07-01,45305.0
1997-08-01,45012.0
1997-09-01,43976.0
1997-10-01,45536.0
1997-11-01,44460.0
1997-12-01,45313.0
1998-01-01,45909.0
1998-02-01,41312.0
1998-03-01,45140.0
1998-04-01,43016.0
1998-05-01,43723.0
1998-06-01,41599.0
1998-07-01,41721.0
1998-08-01,41772.0
1998-09-01,40185.0
1998-10-01,41157.0
1998-11-01,39708.0
1998-12-01,39420.0
1999-01-01,39197.0
1999-02-01,35443.0
1999-03-01,38576.0
1999-04-01,37050.0
1999-05-01,38147.0
1999-06-01,36136.0
1999-07-01,37374.0
1999-08-01,37109.0
1999-09-01,36442.0
1999-10-01,38109.0
1999-11-01,37180.0
1999-12-01,38470.0
2000-01-01,38241.0
2000-02-01,36030.0
2000-03-01,38258.0
2000-04-01,36836.0
2000-05-01,37606.0
2000-06-01,36234.0
2000-07-01,37121.0
2000-08-01,37177.0
2000-09-01,35866.0
2000-10-01,36999.0
2000-11-01,35848.0
2000-12-01,37181.0
2001-01-01,37020.0
2001-02-01,33270.0
2001-03-01,36603.0
2001-04-01,35464.0
2001-05-01,36204.0
2001-06-01,34606.0
2001-07-01,35747.0
2001-08-01,35622.0
2001-09-01,34127.0
2001-10-01,35770.0
2001-11-01,34253.0
2001-12-01,35611.0
2002-01-01,35477.0
2002-02-01,31959.0
2002-03-01,34903.0
2002-04-01,33653.0
2002-05-01,34596.0
2002-06-01,32975.0
2002-07-01,33876.0
2002-08-01,33968.0
2002-09-01,32904.0
2002-10-01,33980.0
2002-11-01,33233.0
2002-12-01,34252.0
2003-01-01,34336.0
2003-02-01,31046.0
2003-03-01,34578.0
2003-04-01,33273.0
2003-05-01,34030.0
2003-06-01,32560.0
2003-07-01,33571.0
2003-08-01,33529.0
2003-09-01,32843.0
2003-10-01,34071.0
2003-11-01,32850.0
2003-12-01,33977.0
2004-01-01,33797.0
2004-02-01,31700.0
2004-03-01,33758.0
2004-04-01,32461.0
2004-05-01,33223.0
2004-06-01,31709.0
2004-07-01,32762.0
2004-08-01,32838.0
2004-09-01,32023.0
2004-10-01,33090.0
2004-11-01,32073.0
2004-12-01,33281.0
2005-01-01,33740.0
2005-02-01,30718.0
2005-03-01,34033.0
2005-04-01,32706.0
2005-05-01,33439.0
2005-06-01,32094.0
2005-07-01,32887.0
2005-08-01,33012.0
2005-09-01,31152.0
2005-10-01,33176.0
2005-11-01,32387.0
2005-12-01,33257.0
2006-01-01,33639.0
2006-02-01,30439.0
2006-03-01,33691.0
2006-04-01,32383.0
2006-05-01,33158.0
2006-06-01,31960.0
2006-07-01,32932.0
2006-08-01,32806.0
2006-09-01,32121.0
2006-10-01,33438.0
2006-11-01,32506.0
2006-12-01,33408.0
2007-01-01,32790.0
2007-02-01,30189.0
2007-03-01,33491.0
2007-04-01,32475.0
2007-05-01,33240.0
2007-06-01,31745.0
2007-07-01,32829.0
2007-08-01,32978.0
2007-09-01,32077.0
2007-10-01,33226.0
2007-11-01,32514.0
2007-12-01,33705.0
2008-01-01,33911.0
2008-02-01,32011.0
2008-03-01,34544.0
2008-04-01,33394.0
2008-05-01,34404.0
2008-06-01,32917.0
2008-07-01,34430.0
2008-08-01,34417.0
2008-09-01,31659.0
2008-10-01,34876.0
2008-11-01,34236.0
2008-12-01,35140.0
2009-01-01,35126.0
2009-02-01,31594.0
2009-03-01,34662.0
2009-04-01,33294.0
2009-05-01,33744.0
2009-06-01,32116.0
2009-07-01,32943.0
2009-08-01,33070.0
2009-09-01,32423.0
2009-10-01,33501.0
2009-11-01,33047.0
2009-12-01,33808.0
2010-01-01,34061.0
2010-02-01,31391.0
2010-03-01,35243.0
2010-04-01,34104.0
2010-05-01,35528.0
2010-06-01,34161.0
2010-07-01,35725.0
2010-08-01,36196.0
2010-09-01,35737.0
2010-10-01,37680.0
2010-11-01,37306.0
2010-12-01,39635.0
2011-01-01,39724.0
2011-02-01,34376.0
2011-03-01,41452.0
2011-04-01,40467.0
2011-05-01,43185.0
2011-06-01,42019.0
2011-07-01,44557.0
2011-08-01,46208.0
2011-09-01,46145.0
2011-10-01,49470.0
2011-11-01,49822.0
2011-12-01,52388.0
2012-01-01,53525.0
2012-02-01,51426.0
2012-03-01,55831.0
2012-04-01,56142.0
2012-05-01,59346.0
2012-06-01,58515.0
2012-07-01,61955.0
2012-08-01,63736.0
2012-09-01,62744.0
2012-10-01,66836.0
2012-11-01,66623.0
2012-12-01,69263.0
2013-01-01,70525.0
2013-02-01,65442.0
2013-03-01,74084.0
2013-04-01,72758.0
2013-05-01,77408.0
2013-06-01,76032.0
2013-07-01,80117.0
2013-08-01,81173.0
2013-09-01,80149.0
2013-10-01,83475.0
2013-11-01,80890.0
2013-12-01,86304.0
2014-01-01,88208.0
2014-02-01,81201.0
2014-03-01,91888.0
2014-04-01,91541.0
2014-05-01,95211.0
2014-06-01,94349.0
2014-07-01,99863.0
2014-08-01,101507.0
2014-09-01,98584.0
2014-10-01,104185.0
2014-11-01,103533.0
2014-12-01,109949.0
2015-01-01,106701.0
2015-02-01,99602.0
2015-03-01,112194.0
2015-04-01,107127.0
2015-05-01,108827.0
2015-06-01,103703.0
2015-07-01,106744.0
2015-08-01,105674.0
2015-09-01,102304.0
2015-10-01,105194.0
2015-11-01,101675.0
2015-12-01,102993.0
2016-01-01,103671.0
2016-02-01,95857.0
2016-03-01,101158.0
2016-04-01,96797.0
2016-05-01,98276.0
2016-06-01,94389.0
2016-07-01,97531.0
2016-08-01,97478.0
2016-09-01,93860.0
2016-10-01,98072.0
2016-11-01,95147.0
2016-12-01,98262.0
2017-01-01,99150.0
2017-02-01,92717.0
2017-03-01,103003.0
2017-04-01,99882.0
2017-05-01,105667.0
2017-06-01,103213.0
2017-07-01,107452.0
2017-08-01,104368.0
2017-09-01,106516.0
2017-10-01,116629.0
2017-11-01,116727.0
2017-12-01,122030.0
2018-01-01,120782.0
2018-02-01,112683.0
2018-03-01,129757.0
2018-04-01,126890.0
2018-05-01,131421.0
2018-06-01,131191.0
2018-07-01,137041.0
2018-08-01,142038.0
2018-09-01,140353.0
2018-10-01,145654.0
2018-11-01,144490.0
2018-12-01,150880.0
2019-01-01,149128.0
2019-02-01,136649.0
2019-03-01,150967.0
2019-04-01,149183.0
2019-05-01,155082.0
2019-06-01,151280.0
2019-07-01,158505.0
2019-08-01,160228.0
2019-09-01,157486.0
2019-10-01,165441.0
2019-11-01,161969.0
2019-12-01,168832.0
2020-01-01,169059.0
2020-02-01,156765.0
2020-03-01,168985.0
2020-04-01,153705.0
2020-05-01,131018.0
2020-06-01,137978.0
2020-07-01,146284.0
2020-08-01,144797.0
2020-09-01,138995.0
2020-10-01,143821.0
2020-11-01,139680.0
2020-12-01,143606.0
2021-01-01,143758.0
2021-02-01,105545.0
2021-03-01,148349.0
2021-04-01,143816.0
2021-05-01,148626.0
2021-06-01,143350.0
2021-07-01,149796.0
2021-08-01,151664.0
2021-09-01,149592.0
2021-10-01,154841.0
2021-11-01,150662.0
2021-12-01,156280.0
2022-01-01,151644.0
2022-02-01,137468.0
2022-03-01,156860.0
2022-04-01,153031.0
2022-05-01,156595.0
2022-06-01,152366.0
2022-07-01,158749.0
2022-08-01,161102.0
2022-09-01,158829.0
2022-10-01,164839.0
2022-11-01,159896.0
2022-12-01,162013.0
2023-01-01,165436.0
2023-02-01,148869.0
2023-03-01,169883.0
2023-04-01,163224.0
2023-05-01,169865.0
2023-06-01,163805.0
2023-07-01,171648.0
2023-08-01,172312.0
2023-09-01,166258.0
2023-10-01,173029.0
2023-11-01,169879.0
2023-12-01,173755.0
2024-01-01,165824.0
2024-02-01,160919.0
2024-03-01,172892.0
2024-04-01,169079.0
2024-05-01,176223.0
2024-06-01,171797.0
2024-07-01,176049.0
2024-08-01,178676.0
2024-09-01,173534.0
2024-10-01,181130.0
2024-11-01,173768.0
2024-12-01,176867.0
2025-01-01,172644.0
2025-02-01,157961.0
2025-03-01,177226.0
2025-04-01,173728.0
2025-05-01,178525.0
2025-06-01,172690.0
2025-07-01,181046.0
2025-08-01,180908.0
2025-09-01,174371.0
2025-10-01,178780.0
2025-11-01,174918.0
2025-12-01,179817.0
2026-01-01,172442.0
2026-02-01,162789.0
2026-03-01,179490.0
2026-04-01,175525.0
2026-05-01,179886.0
2026-06-01,171848.0
